date,open,high,low,close,volume,Name
2013-02-08,35.5,35.58,34.78,35.42,7049683,AKAM
2013-02-11,35.56,35.64,34.9,35.31,7253000,AKAM
2013-02-12,35.36,36.91,35.0836,36.74,9682277,AKAM
2013-02-13,36.82,37.44,36.0801,37.31,6338839,AKAM
2013-02-14,37.26,37.93,36.63,37.87,5145953,AKAM
2013-02-15,37.83,39.0,37.83,38.49,6736887,AKAM
2013-02-19,38.44,38.81,38.07,38.58,3905760,AKAM
2013-02-20,38.62,38.76,37.37,37.4,4099689,AKAM
2013-02-21,37.3,37.53,36.47,37.07,2987596,AKAM
2013-02-22,37.17,37.41,36.0,36.27,5544645,AKAM
2013-02-25,37.18,37.3,36.31,36.31,4400522,AKAM
2013-02-26,36.36,36.73,36.0,36.36,2212458,AKAM
2013-02-27,36.36,36.775,36.05,36.58,2411337,AKAM
2013-02-28,36.6,37.19,36.6,36.96,2756810,AKAM
2013-03-01,36.7,36.83,36.149,36.65,2846307,AKAM
2013-03-04,36.64,37.74,36.5601,37.4,2814732,AKAM
2013-03-05,37.48,37.9,37.145,37.49,2169701,AKAM
2013-03-06,37.54,38.19,37.3,37.53,2882538,AKAM
2013-03-07,37.7,37.75,37.05,37.28,3385687,AKAM
2013-03-08,37.38,37.55,37.0,37.24,2655136,AKAM
2013-03-11,37.22,37.49,34.94,35.6,13468777,AKAM
2013-03-12,35.48,35.54,34.55,34.77,8246171,AKAM
2013-03-13,34.89,34.92,34.3,34.66,4262501,AKAM
2013-03-14,34.75,35.085,34.445,34.66,3524388,AKAM
2013-03-15,35.35,35.41,34.54,34.69,6118330,AKAM
2013-03-18,34.3,35.03,34.26,34.55,3928839,AKAM
2013-03-19,34.55,35.07,34.26,34.67,4509912,AKAM
2013-03-20,35.09,35.6,34.81,35.45,4430116,AKAM
2013-03-21,35.06,35.51,34.866,35.01,2368638,AKAM
2013-03-22,35.2,35.28,34.685,34.78,2158408,AKAM
2013-03-25,34.79,34.9883,34.35,34.4,3285480,AKAM
2013-03-26,34.61,35.15,34.54,35.08,2589414,AKAM
2013-03-27,34.98,35.21,34.56,35.16,1496655,AKAM
2013-03-28,35.07,35.34,34.85,35.32,1904038,AKAM
2013-04-01,35.37,35.41,34.81,34.9,2191478,AKAM
2013-04-02,35.04,35.35,34.79,34.84,2087884,AKAM
2013-04-03,34.9,35.15,34.68,34.78,2529576,AKAM
2013-04-04,34.64,34.84,34.03,34.06,4128439,AKAM
2013-04-05,33.65,34.58,33.46,34.18,4049607,AKAM
2013-04-08,34.28,34.52,33.92,34.49,2194636,AKAM
2013-04-09,34.48,34.79,34.36,34.67,3217306,AKAM
2013-04-10,34.83,36.165,34.81,36.04,4245021,AKAM
2013-04-11,36.0,36.14,35.59,35.79,2443442,AKAM
2013-04-12,35.71,35.89,35.21,35.41,2230448,AKAM
2013-04-15,35.14,35.3099,34.29,34.44,2602349,AKAM
2013-04-16,34.74,35.01,34.56,34.79,2798621,AKAM
2013-04-17,34.46,34.966,33.86,34.18,2850329,AKAM
2013-04-18,34.13,34.22,33.27,33.74,4051104,AKAM
2013-04-19,33.6,33.7,33.36,33.55,2938750,AKAM
2013-04-22,32.72,34.73,32.635,34.28,3797388,AKAM
2013-04-23,34.57,35.6,34.54,35.47,3354690,AKAM
2013-04-24,35.39,36.36,35.15,36.091,7017825,AKAM
2013-04-25,42.25,43.68,41.81,42.482,16795354,AKAM
2013-04-26,42.28,42.85,41.63,42.61,5641733,AKAM
2013-04-29,42.48,43.225,42.26,43.03,3296016,AKAM
2013-04-30,43.09,44.21,42.992,43.91,3885597,AKAM
2013-05-01,43.8699,44.15,43.47,43.64,2015527,AKAM
2013-05-02,43.52,44.47,43.52,44.32,1967981,AKAM
2013-05-03,44.79,45.71,44.5,45.27,2442334,AKAM
2013-05-06,45.29,45.48,44.75,45.06,1709888,AKAM
2013-05-07,45.31,45.82,44.88,45.15,1514591,AKAM
2013-05-08,44.83,45.44,44.75,45.29,2051385,AKAM
2013-05-09,45.28,45.85,45.01,45.61,2219748,AKAM
2013-05-10,45.86,46.88,45.47,46.7,2711783,AKAM
2013-05-13,46.41,47.53,46.15,46.71,2610132,AKAM
2013-05-14,46.65,47.07,46.5,46.9,1474701,AKAM
2013-05-15,46.61,48.44,46.42,48.03,2880201,AKAM
2013-05-16,48.0,48.47,46.72,46.93,3003312,AKAM
2013-05-17,47.45,47.75,47.08,47.49,2257603,AKAM
2013-05-20,47.49,48.225,47.4,47.89,1728850,AKAM
2013-05-21,47.85,47.99,47.06,47.28,1957171,AKAM
2013-05-22,47.42,47.83,45.87,46.12,2980405,AKAM
2013-05-23,45.94,46.58,45.72,46.35,1818253,AKAM
2013-05-24,45.93,46.14,45.45,46.04,1203093,AKAM
2013-05-28,46.52,46.98,46.18,46.56,1979607,AKAM
2013-05-29,46.365,46.89,46.05,46.36,2593562,AKAM
2013-05-30,46.38,47.695,46.36,47.09,2904831,AKAM
2013-05-31,46.78,47.34,46.11,46.12,2721772,AKAM
2013-06-03,46.22,46.44,44.912,45.91,2536797,AKAM
2013-06-04,45.92,46.18,44.61,44.65,2488893,AKAM
2013-06-05,44.58,45.06,44.1688,44.3,1669635,AKAM
2013-06-06,44.3,44.7,43.91,44.56,1320149,AKAM
2013-06-07,44.97,45.28,44.61,45.26,1038109,AKAM
2013-06-10,45.19,45.19,44.39,44.75,1093741,AKAM
2013-06-11,44.33,44.51,43.75,43.84,1746392,AKAM
2013-06-12,43.9,43.99,42.21,42.52,3188140,AKAM
2013-06-13,42.42,42.86,41.66,42.64,2620634,AKAM
2013-06-14,42.68,43.165,42.09,42.56,1614114,AKAM
2013-06-17,43.07,43.645,42.78,42.94,1644260,AKAM
2013-06-18,42.58,43.02,42.44,42.84,1646963,AKAM
2013-06-19,42.92,43.14,42.49,42.56,1422052,AKAM
2013-06-20,41.99,42.48,41.12,41.25,1768943,AKAM
2013-06-21,41.46,41.69,40.46,40.75,3178455,AKAM
2013-06-24,40.47,41.685,40.08,41.41,2489258,AKAM
2013-06-25,42.07,42.38,41.74,41.91,2030571,AKAM
2013-06-26,42.18,43.0999,42.0,42.76,1931568,AKAM
2013-06-27,42.9,43.1,42.67,42.69,1136817,AKAM
2013-06-28,42.43,43.0,42.2801,42.55,1660060,AKAM
2013-07-01,42.74,43.035,42.5,42.97,1816599,AKAM
2013-07-02,42.97,43.16,42.21,42.55,1767605,AKAM
2013-07-03,42.27,43.005,42.1701,42.69,463636,AKAM
2013-07-05,42.98,43.29,42.57,43.03,949757,AKAM
2013-07-08,43.27,43.45,42.77,43.03,1473889,AKAM
2013-07-09,43.19,43.65,42.72,43.56,2120035,AKAM
2013-07-10,43.54,43.74,42.98,43.52,1638739,AKAM
2013-07-11,43.91,44.61,43.72,44.5,1866233,AKAM
2013-07-12,44.65,45.2,44.4661,44.92,1474513,AKAM
2013-07-15,44.83,44.93,44.23,44.69,1034441,AKAM
2013-07-16,44.8,45.07,44.17,44.42,1473981,AKAM
2013-07-17,44.49,45.181,44.49,45.09,1171076,AKAM
2013-07-18,45.25,45.65,45.19,45.34,1563761,AKAM
2013-07-19,45.34,45.4,44.7,44.81,1472578,AKAM
2013-07-22,45.1,45.1,43.7,44.1,2973132,AKAM
2013-07-23,44.19,44.35,43.41,44.25,2335002,AKAM
2013-07-24,44.71,44.8084,43.83,43.87,3570770,AKAM
2013-07-25,42.5,45.59,42.4,45.19,4888255,AKAM
2013-07-26,44.86,47.28,44.86,47.23,4125869,AKAM
2013-07-29,47.05,47.1,46.3345,46.75,2444898,AKAM
2013-07-30,46.9,47.11,46.47,47.07,2017455,AKAM
2013-07-31,47.21,47.49,46.82,47.2,1931966,AKAM
2013-08-01,47.51,47.77,47.34,47.64,1642307,AKAM
2013-08-02,47.78,47.78,46.66,46.85,1217123,AKAM
2013-08-05,46.69,46.97,46.46,46.9,1503658,AKAM
2013-08-06,46.73,46.95,46.17,46.26,1414190,AKAM
2013-08-07,46.13,46.2,45.63,46.09,1383560,AKAM
2013-08-08,46.24,46.67,45.9,46.63,1305407,AKAM
2013-08-09,46.7,46.98,46.15,46.52,1009787,AKAM
2013-08-12,46.22,47.1735,46.13,46.71,1287204,AKAM
2013-08-13,46.71,47.19,46.36,46.94,994987,AKAM
2013-08-14,46.94,47.12,46.455,46.81,929487,AKAM
2013-08-15,46.35,46.35,45.75,46.19,1716265,AKAM
2013-08-16,46.0,46.34,45.75,45.91,1621879,AKAM
2013-08-19,45.95,46.37,45.53,46.0,1368775,AKAM
2013-08-20,46.02,46.33,45.76,46.21,908982,AKAM
2013-08-21,45.74,46.44,45.6801,46.29,1361383,AKAM
2013-08-22,46.34,47.43,46.08,47.3,919182,AKAM
2013-08-23,47.44,47.44,46.73,47.1,1312905,AKAM
2013-08-26,47.02,47.1,46.44,46.6,863584,AKAM
2013-08-27,46.13,46.57,45.86,46.3,1613747,AKAM
2013-08-28,46.33,46.69,46.15,46.41,1278928,AKAM
2013-08-29,46.19,46.8,46.01,46.5,1139266,AKAM
2013-08-30,46.49,46.49,45.82,45.98,1068457,AKAM
2013-09-03,46.4,47.05,46.4,46.85,1172885,AKAM
2013-09-04,47.06,47.66,46.43,47.43,1321277,AKAM
2013-09-05,47.29,48.01,47.24,47.92,1123291,AKAM
2013-09-06,48.11,48.2,46.76,47.58,1576719,AKAM
2013-09-09,47.67,49.1,47.67,48.89,2217423,AKAM
2013-09-10,49.1,49.46,48.89,49.43,1711771,AKAM
2013-09-11,49.4,50.21,49.2,50.125,2043045,AKAM
2013-09-12,50.03,50.71,49.81,50.57,1582342,AKAM
2013-09-13,50.81,51.32,50.59,51.27,2276643,AKAM
2013-09-16,51.67,51.93,51.286,51.37,1759043,AKAM
2013-09-17,51.35,51.74,51.12,51.58,1191837,AKAM
2013-09-18,51.9,52.48,51.64,52.38,2543005,AKAM
2013-09-19,52.55,53.03,52.3,52.77,2987037,AKAM
2013-09-20,52.91,53.195,52.325,52.711,3135637,AKAM
2013-09-23,52.69,52.95,51.89,51.979,3218366,AKAM
2013-09-24,52.04,52.41,51.81,51.93,1771203,AKAM
2013-09-25,52.07,52.43,51.56,52.08,1573681,AKAM
2013-09-26,52.36,52.92,52.21,52.77,1121626,AKAM
2013-09-27,51.7,52.39,51.47,51.75,1853999,AKAM
2013-09-30,51.31,51.89,50.85,51.7,1504790,AKAM
2013-10-01,51.74,52.44,51.51,52.42,1167302,AKAM
2013-10-02,51.88,52.34,51.58,52.22,1066426,AKAM
2013-10-03,52.27,52.4,50.93,51.16,1500298,AKAM
2013-10-04,51.31,52.47,51.18,52.32,1524216,AKAM
2013-10-07,52.2,52.73,51.64,51.67,1267346,AKAM
2013-10-08,51.55,51.87,49.9,50.0,1488811,AKAM
2013-10-09,50.25,50.33,48.31,49.3,2214090,AKAM
2013-10-10,49.74,51.32,49.65,51.06,2058916,AKAM
2013-10-11,51.04,52.12,51.02,51.89,1520452,AKAM
2013-10-14,51.64,51.99,51.125,51.89,977651,AKAM
2013-10-15,51.3,52.29,50.995,51.31,1630831,AKAM
2013-10-16,51.67,52.11,51.55,51.81,1401069,AKAM
2013-10-17,52.29,52.4976,51.79,52.04,1397644,AKAM
2013-10-18,52.17,52.43,51.97,52.145,2230894,AKAM
2013-10-21,52.28,52.64,51.98,52.2,1750076,AKAM
2013-10-22,51.87,53.61,51.87,53.39,2456078,AKAM
2013-10-23,52.44,52.81,51.75,51.87,5563635,AKAM
2013-10-24,46.79,47.58,45.96,46.06,12295204,AKAM
2013-10-25,46.82,47.07,45.11,45.88,5557056,AKAM
2013-10-28,45.34,46.07,45.19,45.78,3515420,AKAM
2013-10-29,46.08,46.75,45.79,46.57,2880572,AKAM
2013-10-30,46.53,46.79,45.45,45.55,2891196,AKAM
2013-10-31,45.54,46.07,44.7,44.755,3523285,AKAM
2013-11-01,45.01,45.41,44.77,45.065,2495760,AKAM
2013-11-04,45.13,45.9,45.0701,45.67,1860081,AKAM
2013-11-05,45.34,45.66,44.79,45.21,1968706,AKAM
2013-11-06,45.31,45.48,44.84,45.16,1215910,AKAM
2013-11-07,45.36,45.42,44.4001,44.481,1905309,AKAM
2013-11-08,44.57,45.27,44.55,45.27,2041793,AKAM
2013-11-11,45.11,45.34,44.78,45.24,1365207,AKAM
2013-11-12,45.09,45.31,44.94,45.11,1236135,AKAM
2013-11-13,45.03,46.655,44.86,46.53,2323245,AKAM
2013-11-14,46.41,46.85,46.01,46.17,1326240,AKAM
2013-11-15,46.11,46.31,45.62,45.76,1595921,AKAM
2013-11-18,45.67,46.2325,45.6,45.73,1231734,AKAM
2013-11-19,45.77,46.0171,45.13,45.35,1232437,AKAM
2013-11-20,45.46,45.78,45.02,45.22,1309272,AKAM
2013-11-21,45.0,45.04,44.25,44.45,2681643,AKAM
2013-11-22,44.59,44.785,44.08,44.2,1689294,AKAM
2013-11-25,44.45,45.32,44.01,44.63,2106001,AKAM
2013-11-26,44.74,44.84,44.19,44.27,1582414,AKAM
2013-11-27,44.24,44.895,44.23,44.4,1115346,AKAM
2013-11-29,44.4,44.88,44.325,44.72,685107,AKAM
2013-12-02,44.71,44.71,44.0,44.11,2241925,AKAM
2013-12-03,43.92,45.75,43.87,45.65,3123068,AKAM
2013-12-04,45.33,46.55,45.2,45.86,3379868,AKAM
2013-12-05,45.91,45.91,44.7599,45.12,2563709,AKAM
2013-12-06,45.68,45.74,44.55,44.95,2184054,AKAM
2013-12-09,43.99,44.85,43.81,44.35,3802210,AKAM
2013-12-10,44.27,45.36,44.04,45.01,2931924,AKAM
2013-12-11,45.1,45.38,44.405,44.44,1819046,AKAM
2013-12-12,44.35,44.6,43.74,43.76,2355985,AKAM
2013-12-13,44.13,45.88,44.1001,45.72,3620865,AKAM
2013-12-16,45.82,45.86,45.02,45.39,2056802,AKAM
2013-12-17,45.37,45.84,45.22,45.58,1103725,AKAM
2013-12-18,45.61,46.79,45.39,46.55,3888116,AKAM
2013-12-19,46.52,46.71,46.24,46.6,1998250,AKAM
2013-12-20,46.81,47.9,46.63,47.7,3855873,AKAM
2013-12-23,47.7,47.9,47.06,47.51,1741904,AKAM
2013-12-24,47.43,47.74,47.3445,47.73,591099,AKAM
2013-12-26,47.9,47.9699,46.91,47.3,1180130,AKAM
2013-12-27,47.31,47.43,46.74,46.88,1399306,AKAM
2013-12-30,46.97,47.23,46.58,46.94,1226541,AKAM
2013-12-31,46.98,47.41,46.89,47.18,990620,AKAM
2014-01-02,47.11,47.1799,46.42,46.53,935107,AKAM
2014-01-03,46.68,46.96,46.27,46.45,960420,AKAM
2014-01-06,46.4,46.58,45.8,46.11,1754527,AKAM
2014-01-07,46.25,47.14,46.01,47.01,1480028,AKAM
2014-01-08,46.99,47.26,46.65,46.68,2228498,AKAM
2014-01-09,46.78,47.91,46.765,47.62,1687655,AKAM
2014-01-10,47.78,48.24,47.63,48.2,1425392,AKAM
2014-01-13,48.17,48.17,45.86,46.3,2134410,AKAM
2014-01-14,46.27,47.52,46.22,47.44,1538628,AKAM
2014-01-15,47.56,49.49,47.35,49.15,2829333,AKAM
2014-01-16,49.2,49.22,48.25,48.74,1180853,AKAM
2014-01-17,48.7,49.06,48.356,48.58,1369029,AKAM
2014-01-21,48.82,49.0,48.35,48.95,1227915,AKAM
2014-01-22,48.93,49.45,48.68,49.18,1724642,AKAM
2014-01-23,48.77,49.71,48.53,49.61,2466271,AKAM
2014-01-24,49.35,49.39,48.12,48.34,1987419,AKAM
2014-01-27,48.49,48.72,47.37,47.84,1652390,AKAM
2014-01-28,47.81,48.49,47.64,48.35,1162790,AKAM
2014-01-29,47.98,48.34,47.41,47.55,1379632,AKAM
2014-01-30,47.94,48.68,47.68,48.47,1326700,AKAM
2014-01-31,47.97,48.07,47.458,47.68,1884425,AKAM
2014-02-03,48.88,49.5,45.59,46.01,6602985,AKAM
2014-02-04,46.37,46.96,46.09,46.49,3047529,AKAM
2014-02-05,46.43,47.79,46.2,47.42,5670383,AKAM
2014-02-06,54.99,57.76,54.8,57.18,14584182,AKAM
2014-02-07,56.99,57.2,56.25,56.64,4850126,AKAM
2014-02-10,56.41,58.05,56.41,58.01,4644639,AKAM
2014-02-11,58.12,59.95,57.86,59.79,4894953,AKAM
2014-02-12,59.77,61.11,59.07,59.14,4761910,AKAM
2014-02-13,58.64,59.94,58.63,59.71,3855339,AKAM
2014-02-14,59.66,60.17,58.81,60.03,6328200,AKAM
2014-02-18,59.79,60.81,59.72,60.62,2775139,AKAM
2014-02-19,60.61,60.81,60.04,60.52,2929785,AKAM
2014-02-20,60.7,61.61,60.5,61.55,2139764,AKAM
2014-02-21,61.65,62.5,61.27,61.73,2487030,AKAM
2014-02-24,61.65,63.14,61.41,62.64,3047186,AKAM
2014-02-25,62.75,62.88,61.51,61.67,2315080,AKAM
2014-02-26,61.94,62.41,61.42,61.48,2391148,AKAM
2014-02-27,61.8,62.74,61.8,62.74,2541263,AKAM
2014-02-28,62.93,63.15,60.92,61.13,2614304,AKAM
2014-03-03,60.49,61.39,60.01,61.26,2165592,AKAM
2014-03-04,61.95,62.65,61.77,62.64,1925494,AKAM
2014-03-05,62.67,62.79,61.49,61.51,2026978,AKAM
2014-03-06,61.79,62.14,61.1902,61.37,2075217,AKAM
2014-03-07,61.83,62.01,60.75,61.0,1762832,AKAM
2014-03-10,61.19,61.19,59.08,59.39,3222485,AKAM
2014-03-11,59.71,60.93,58.88,60.23,2873751,AKAM
2014-03-12,59.63,60.48,59.0,60.44,1785376,AKAM
2014-03-13,60.64,60.95,58.67,59.03,1473059,AKAM
2014-03-14,58.74,59.93,58.541,59.53,1439354,AKAM
2014-03-17,59.96,60.71,59.48,59.8,1274073,AKAM
2014-03-18,59.84,60.9,59.69,60.61,1742163,AKAM
2014-03-19,60.54,60.885,59.89,60.11,1910478,AKAM
2014-03-20,59.7,62.92,59.7,61.96,4060902,AKAM
2014-03-21,62.68,62.74,60.47,60.72,3392576,AKAM
2014-03-24,60.95,61.159,58.55,59.58,2977554,AKAM
2014-03-25,60.1,60.53,56.8,57.86,4488399,AKAM
2014-03-26,58.65,58.92,57.21,57.75,2679848,AKAM
2014-03-27,57.5,58.63,56.52,58.11,2627940,AKAM
2014-03-28,58.44,59.23,57.84,58.24,1446109,AKAM
2014-03-31,58.55,59.13,58.05,58.21,1726241,AKAM
2014-04-01,58.76,59.71,58.59,59.62,1579659,AKAM
2014-04-02,59.62,59.76,58.1,58.18,2432179,AKAM
2014-04-03,58.25,58.35,56.23,56.44,2937331,AKAM
2014-04-04,57.1,57.1,53.47,54.349,4903923,AKAM
2014-04-07,54.12,54.6,53.11,53.84,3551889,AKAM
2014-04-08,54.0,54.76,53.55,54.45,2253869,AKAM
2014-04-09,54.75,55.22,54.45,55.18,2470935,AKAM
2014-04-10,55.38,55.49,52.82,52.88,3100787,AKAM
2014-04-11,52.34,53.4,51.79,52.61,3544453,AKAM
2014-04-14,53.1,54.13,52.41,52.96,2105107,AKAM
2014-04-15,52.96,53.85,51.67,53.57,2377523,AKAM
2014-04-16,53.81,54.55,53.28,54.52,1888336,AKAM
2014-04-17,54.33,54.75,53.69,54.3,1367276,AKAM
2014-04-21,54.56,54.78,53.84,54.42,989518,AKAM
2014-04-22,54.44,55.436,54.19,54.71,1492459,AKAM
2014-04-23,54.67,55.1,53.31,53.77,2456495,AKAM
2014-04-24,54.51,54.6996,52.54,53.35,1753468,AKAM
2014-04-25,53.09,53.3,51.67,52.03,2197159,AKAM
2014-04-28,52.57,52.7499,50.5701,51.14,3286354,AKAM
2014-04-29,51.35,52.545,50.52,52.48,3595342,AKAM
2014-04-30,52.39,53.29,51.65,53.07,1972812,AKAM
2014-05-01,53.49,55.17,53.0801,54.53,4443540,AKAM
2014-05-02,55.24,56.75,53.02,53.18,7191657,AKAM
2014-05-05,53.03,54.3,52.5397,54.13,2298945,AKAM
2014-05-06,53.7,54.24,52.1551,52.4,1906763,AKAM
2014-05-07,52.48,52.96,51.1,51.86,2600148,AKAM
2014-05-08,51.6,52.73,51.4201,52.21,2171150,AKAM
2014-05-09,52.32,53.07,51.86,52.82,1463440,AKAM
2014-05-12,52.94,53.83,52.8003,53.43,1873036,AKAM
2014-05-13,53.8,54.25,53.19,53.3,1739357,AKAM
2014-05-14,54.41,55.2,54.04,54.06,2932004,AKAM
2014-05-15,53.84,54.03,52.4,53.51,1811421,AKAM
2014-05-16,53.59,53.59,52.51,53.33,1438099,AKAM
2014-05-19,53.1,54.0,52.55,53.34,2320336,AKAM
2014-05-20,53.18,53.37,51.99,52.24,2242121,AKAM
2014-05-21,52.38,53.965,51.76,53.88,2432293,AKAM
2014-05-22,53.92,53.97,53.17,53.48,1175513,AKAM
2014-05-23,53.68,53.84,53.08,53.65,894422,AKAM
2014-05-27,54.01,54.72,53.86,54.61,1586644,AKAM
2014-05-28,54.72,54.79,53.85,54.35,1718620,AKAM
2014-05-29,54.4,54.918,54.04,54.77,2006918,AKAM
2014-05-30,54.89,54.92,54.01,54.34,1301603,AKAM
2014-06-02,54.56,54.71,53.53,54.36,1474454,AKAM
2014-06-03,54.05,55.31,53.95,55.09,1796805,AKAM
2014-06-04,54.78,55.54,54.51,55.19,1393854,AKAM
2014-06-05,55.16,56.1,54.84,55.9,1652888,AKAM
2014-06-06,56.31,57.66,56.0301,57.47,2697834,AKAM
2014-06-09,57.45,58.57,57.37,58.13,2735038,AKAM
2014-06-10,57.97,58.36,57.6,58.11,2035520,AKAM
2014-06-11,57.78,58.49,57.3862,58.3,1179546,AKAM
2014-06-12,58.01,58.945,57.782,58.51,1600509,AKAM
2014-06-13,58.59,58.98,58.33,58.84,1348126,AKAM
2014-06-16,58.74,60.9,58.34,60.25,3429677,AKAM
2014-06-17,60.58,61.775,60.36,60.59,3779341,AKAM
2014-06-18,60.58,61.13,60.05,61.07,1652774,AKAM
2014-06-19,61.19,61.38,60.72,61.33,1306333,AKAM
2014-06-20,61.47,61.47,60.76,61.22,1890674,AKAM
2014-06-23,61.28,62.35,60.95,62.12,1892891,AKAM
2014-06-24,61.83,62.76,61.39,61.61,1210041,AKAM
2014-06-25,61.44,61.68,60.62,61.17,1947909,AKAM
2014-06-26,61.36,61.4395,60.4,61.03,1209475,AKAM
2014-06-27,60.92,61.08,60.578,61.01,899088,AKAM
2014-06-30,60.97,61.37,60.79,61.06,1122198,AKAM
2014-07-01,61.1,61.77,61.06,61.63,1461476,AKAM
2014-07-02,61.71,62.11,61.48,61.84,1414673,AKAM
2014-07-03,61.95,62.2,61.83,62.01,773696,AKAM
2014-07-07,62.0,62.36,61.655,61.89,1997242,AKAM
2014-07-08,61.9,62.0,59.49,59.75,2666924,AKAM
2014-07-09,60.35,61.1,60.0,60.69,2729346,AKAM
2014-07-10,59.75,60.45,59.4701,60.07,1403691,AKAM
2014-07-11,60.07,60.21,59.76,59.9,2225902,AKAM
2014-07-14,60.31,61.338,60.23,60.34,1409470,AKAM
2014-07-15,60.06,60.85,59.23,59.72,1379017,AKAM
2014-07-16,59.72,59.86,58.8,59.11,1977226,AKAM
2014-07-17,58.95,59.58,58.21,58.32,1394282,AKAM
2014-07-18,58.63,59.36,58.32,59.24,1613020,AKAM
2014-07-21,58.96,59.13,58.37,58.49,1043368,AKAM
2014-07-22,58.81,59.22,58.71,58.92,1230694,AKAM
2014-07-23,58.98,59.03,58.46,58.49,909634,AKAM
2014-07-24,59.53,59.9,59.0,59.8,2376903,AKAM
2014-07-25,59.6,59.85,59.285,59.71,1197173,AKAM
2014-07-28,59.82,59.98,59.34,59.44,2399432,AKAM
2014-07-29,60.37,60.48,58.89,59.0,2224125,AKAM
2014-07-30,59.55,61.01,59.55,60.73,5178640,AKAM
2014-07-31,58.29,61.24,58.13,59.02,5135753,AKAM
2014-08-01,58.79,59.65,56.8863,57.09,3808628,AKAM
2014-08-04,57.1,57.79,56.83,57.62,1697465,AKAM
2014-08-05,57.16,57.73,56.42,56.86,1820456,AKAM
2014-08-06,56.7,56.94,56.41,56.54,1492589,AKAM
2014-08-07,57.09,57.3333,56.51,56.55,1258429,AKAM
2014-08-08,56.66,57.577,56.4,57.52,1446194,AKAM
2014-08-11,57.92,58.1953,57.51,57.98,975404,AKAM
2014-08-12,57.95,57.96,57.16,57.525,830875,AKAM
2014-08-13,57.808,58.73,57.54,58.7,1154142,AKAM
2014-08-14,58.63,59.1,58.53,59.01,1402907,AKAM
2014-08-15,59.47,59.79,59.02,59.66,2227960,AKAM
2014-08-18,60.0,60.72,59.94,60.7,1255633,AKAM
2014-08-19,60.63,60.99,60.54,60.89,880080,AKAM
2014-08-20,60.7,61.0,60.32,60.95,936500,AKAM
2014-08-21,60.95,61.16,60.5984,60.86,834163,AKAM
2014-08-22,60.98,61.1597,59.96,60.42,1099697,AKAM
2014-08-25,60.42,60.8,60.16,60.49,650391,AKAM
2014-08-26,60.41,60.85,60.35,60.56,666631,AKAM
2014-08-27,60.84,61.35,60.34,60.4999,1466410,AKAM
2014-08-28,60.18,60.419,59.83,60.02,1232599,AKAM
2014-08-29,60.36,60.68,60.15,60.42,1135164,AKAM
2014-09-02,60.5,60.99,60.38,60.69,1406575,AKAM
2014-09-03,60.45,60.985,60.32,60.37,962858,AKAM
2014-09-04,60.56,61.27,60.33,60.42,1119110,AKAM
2014-09-05,61.1,61.67,60.61,61.54,1525114,AKAM
2014-09-08,61.24,62.49,61.09,61.815,1103985,AKAM
2014-09-09,61.89,61.97,61.05,61.17,788173,AKAM
2014-09-10,61.15,62.105,60.84,62.05,1097392,AKAM
2014-09-11,62.01,62.63,61.59,62.32,1092098,AKAM
2014-09-12,62.36,62.88,62.109,62.47,1626321,AKAM
2014-09-15,62.41,62.77,61.0,61.35,1874931,AKAM
2014-09-16,61.22,62.53,61.0201,62.16,1587505,AKAM
2014-09-17,61.91,63.18,61.91,62.31,1846151,AKAM
2014-09-18,62.5,64.37,62.28,64.35,2470597,AKAM
2014-09-19,64.38,64.74,62.01,62.42,3408100,AKAM
2014-09-22,62.23,62.23,60.7,61.405,1759471,AKAM
2014-09-23,61.23,61.47,60.62,60.64,1085850,AKAM
2014-09-24,60.62,61.745,60.18,61.505,1278239,AKAM
2014-09-25,61.48,61.85,59.5,59.51,1872875,AKAM
2014-09-26,60.04,60.1536,59.52,59.83,1196334,AKAM
2014-09-29,58.93,59.9,58.57,59.74,1370312,AKAM
2014-09-30,60.11,60.24,59.37,59.8,1067433,AKAM
2014-10-01,59.51,59.71,57.9,58.24,1742774,AKAM
2014-10-02,58.23,58.83,57.44,58.09,1556823,AKAM
2014-10-03,58.45,60.1,58.45,59.74,1633909,AKAM
2014-10-06,59.82,60.36,59.03,59.15,1000398,AKAM
2014-10-07,58.91,59.03,57.63,57.65,1438052,AKAM
2014-10-08,57.5,59.26,57.2,59.07,1528109,AKAM
2014-10-09,58.81,59.48,58.02,58.25,1318218,AKAM
2014-10-10,58.06,58.7976,56.53,56.55,1551928,AKAM
2014-10-13,56.34,57.21,55.5,55.55,1538881,AKAM
2014-10-14,56.08,57.27,55.61,55.65,2075043,AKAM
2014-10-15,54.99,55.42,53.85,54.63,3556935,AKAM
2014-10-16,52.28,54.05,51.74,53.38,5585763,AKAM
2014-10-17,54.0,54.43,53.31,53.84,2222736,AKAM
2014-10-20,53.66,54.4,53.52,53.99,2337563,AKAM
2014-10-21,54.41,55.38,54.29,55.01,2214565,AKAM
2014-10-22,55.03,55.34,53.93,53.95,1534042,AKAM
2014-10-23,54.58,55.03,54.36,54.53,1553944,AKAM
2014-10-24,54.73,55.31,54.14,55.28,1104209,AKAM
2014-10-27,55.08,55.36,54.37,55.29,1287666,AKAM
2014-10-28,55.66,57.41,55.41,57.15,2360315,AKAM
2014-10-29,57.09,57.35,55.98,56.21,3960331,AKAM
2014-10-30,55.92,59.86,55.78,59.83,4409779,AKAM
2014-10-31,60.98,61.27,60.0,60.3,3739678,AKAM
2014-11-03,60.18,60.91,59.61,59.72,1181786,AKAM
2014-11-04,59.61,60.09,58.99,59.63,1158623,AKAM
2014-11-05,59.92,59.99,58.57,59.015,1404290,AKAM
2014-11-06,59.26,59.659,58.49,59.63,1291816,AKAM
2014-11-07,59.7,60.18,59.43,60.135,1140061,AKAM
2014-11-10,60.32,61.19,60.12,61.07,1537661,AKAM
2014-11-11,61.09,61.31,60.73,61.05,686391,AKAM
2014-11-12,60.88,61.28,60.33,60.78,738017,AKAM
2014-11-13,60.99,61.27,60.18,60.45,828640,AKAM
2014-11-14,60.5,63.045,60.33,62.925,2975788,AKAM
2014-11-17,62.56,63.42,61.88,62.03,1686825,AKAM
2014-11-18,61.99,62.63,61.9235,62.16,893195,AKAM
2014-11-19,62.14,62.14,61.42,61.565,882429,AKAM
2014-11-20,61.0,63.15,60.67,63.115,1700954,AKAM
2014-11-21,63.89,63.97,63.23,63.73,1691462,AKAM
2014-11-24,63.9,64.38,63.7,64.15,1164934,AKAM
2014-11-25,64.15,64.62,63.96,64.02,1202551,AKAM
2014-11-26,64.23,64.57,63.77,64.21,841128,AKAM
2014-11-28,64.28,65.39,63.9,64.61,789100,AKAM
2014-12-01,64.16,64.2,62.96,63.06,1573062,AKAM
2014-12-02,63.22,63.69,62.79,63.23,1061594,AKAM
2014-12-03,63.45,63.55,62.58,63.24,1476465,AKAM
2014-12-04,63.33,64.32,63.02,64.23,1428488,AKAM
2014-12-05,64.22,64.43,63.6,64.01,868763,AKAM
2014-12-08,63.58,64.1,62.28,62.59,1140504,AKAM
2014-12-09,62.02,62.558,61.41,62.4,1524862,AKAM
2014-12-10,62.14,62.8,61.05,61.09,1325465,AKAM
2014-12-11,61.64,63.06,61.64,61.98,1463255,AKAM
2014-12-12,61.33,62.17,60.77,60.8,1380978,AKAM
2014-12-15,61.27,61.87,60.22,60.51,1652694,AKAM
2014-12-16,60.43,61.37,59.86,59.92,1679595,AKAM
2014-12-17,59.99,61.65,59.89,61.48,1075105,AKAM
2014-12-18,62.25,62.6,61.82,62.5,1455069,AKAM
2014-12-19,62.53,63.46,62.52,63.2,3206143,AKAM
2014-12-22,63.26,64.09,63.2,64.06,899374,AKAM
2014-12-23,64.27,64.7,64.115,64.59,812851,AKAM
2014-12-24,64.65,64.77,64.34,64.34,353632,AKAM
2014-12-26,64.34,65.06,64.0,64.79,740513,AKAM
2014-12-29,64.47,64.78,63.37,63.79,942604,AKAM
2014-12-30,63.84,65.21,63.84,64.07,1096522,AKAM
2014-12-31,64.45,64.55,62.85,62.96,891416,AKAM
2015-01-02,63.48,63.9,62.521,63.25,851990,AKAM
2015-01-05,61.67,62.34,60.7558,61.94,2237401,AKAM
2015-01-06,62.19,62.19,60.1,60.67,1411606,AKAM
2015-01-07,60.86,60.96,59.93,60.16,1848677,AKAM
2015-01-08,60.86,61.86,60.6,61.57,1207365,AKAM
2015-01-09,61.12,62.04,60.71,60.78,1171259,AKAM
2015-01-12,61.37,61.59,59.94,60.75,1435126,AKAM
2015-01-13,61.57,62.33,60.05,60.79,1521825,AKAM
2015-01-14,60.41,60.61,59.06,59.71,2043675,AKAM
2015-01-15,59.8,60.31,58.55,58.63,1460562,AKAM
2015-01-16,58.51,59.28,58.16,59.22,1121626,AKAM
2015-01-20,59.75,59.93,59.08,59.65,1265913,AKAM
2015-01-21,59.27,60.52,59.12,60.265,1172144,AKAM
2015-01-22,60.37,60.64,59.46,60.64,1384106,AKAM
2015-01-23,60.64,61.29,60.47,61.02,1009523,AKAM
2015-01-26,61.11,61.41,60.5801,61.17,675534,AKAM
2015-01-27,60.37,61.06,59.49,60.29,1118636,AKAM
2015-01-28,60.88,60.88,58.98,58.99,1132798,AKAM
2015-01-29,58.82,60.09,58.25,59.95,1414367,AKAM
2015-01-30,59.4,59.645,58.07,58.155,1547955,AKAM
2015-02-02,58.6,58.6,56.85,58.49,1366381,AKAM
2015-02-03,58.68,60.23,58.68,60.115,1308034,AKAM
2015-02-04,60.16,60.75,59.86,59.95,1598292,AKAM
2015-02-05,60.28,60.95,60.02,60.49,1446044,AKAM
2015-02-06,60.45,61.8,60.44,61.13,1799572,AKAM
2015-02-09,60.95,61.57,60.59,60.96,1822180,AKAM
2015-02-10,61.3,62.37,60.3,62.21,3562368,AKAM
2015-02-11,64.92,65.2,62.9,63.75,4859436,AKAM
2015-02-12,64.25,67.7,63.8,67.59,4207819,AKAM
2015-02-13,67.61,69.1,67.34,68.77,2862582,AKAM
2015-02-17,68.89,70.86,68.0,70.36,3549750,AKAM
2015-02-18,70.1,70.58,69.67,70.29,1631028,AKAM
2015-02-19,70.08,71.72,70.0,71.56,1903677,AKAM
2015-02-20,71.6,71.83,70.98,71.62,1401542,AKAM
2015-02-23,71.7,71.8,70.03,70.24,1705098,AKAM
2015-02-24,70.0,70.83,69.77,70.12,1086785,AKAM
2015-02-25,70.01,70.52,69.2,69.45,1711200,AKAM
2015-02-26,69.54,70.27,69.044,69.555,991724,AKAM
2015-02-27,69.41,69.75,68.8,69.51,1434958,AKAM
2015-03-02,69.8,71.15,69.56,71.13,2072675,AKAM
2015-03-03,69.91,70.63,69.69,69.86,1209903,AKAM
2015-03-04,69.42,71.05,69.28,71.05,2362191,AKAM
2015-03-05,71.55,71.55,70.6,71.09,1694277,AKAM
2015-03-06,70.63,71.19,69.81,69.96,1544094,AKAM
2015-03-09,69.97,70.16,69.4,69.6,1581308,AKAM
2015-03-10,69.12,69.71,68.51,69.2,1830927,AKAM
2015-03-11,69.49,70.66,69.39,70.36,1661869,AKAM
2015-03-12,70.3,71.11,70.11,71.02,1444194,AKAM
2015-03-13,71.04,71.3,70.22,70.81,1364288,AKAM
2015-03-16,71.15,72.15,71.0,72.08,1448782,AKAM
2015-03-17,71.57,72.41,71.08,72.06,1162590,AKAM
2015-03-18,71.7,73.2,71.38,72.88,1281098,AKAM
2015-03-19,72.8,73.16,72.47,72.75,1138809,AKAM
2015-03-20,73.31,73.53,72.79,72.87,1693648,AKAM
2015-03-23,72.95,73.53,72.53,73.14,1216091,AKAM
2015-03-24,73.2,73.42,72.581,72.61,898696,AKAM
2015-03-25,72.48,72.528,70.64,70.645,1362137,AKAM
2015-03-26,69.97,71.17,69.35,71.035,1593580,AKAM
2015-03-27,70.99,71.51,70.51,71.29,820693,AKAM
2015-03-30,71.66,72.24,71.43,71.9,972550,AKAM
2015-03-31,71.5,71.72,71.03,71.045,1329644,AKAM
2015-04-01,70.98,70.98,69.88,70.31,1210558,AKAM
2015-04-02,70.33,71.0,70.235,70.84,957433,AKAM
2015-04-06,70.52,71.48,70.5,70.92,1445114,AKAM
2015-04-07,71.05,71.77,71.0,71.08,924042,AKAM
2015-04-08,71.01,71.8896,71.01,71.79,831971,AKAM
2015-04-09,71.68,71.78,70.86,71.26,923507,AKAM
2015-04-10,71.19,71.5,70.96,71.45,705845,AKAM
2015-04-13,71.45,71.9,71.31,71.34,1033994,AKAM
2015-04-14,71.21,71.61,70.3702,71.145,961674,AKAM
2015-04-15,71.16,71.64,70.79,71.34,1136962,AKAM
2015-04-16,71.05,72.67,71.0,72.49,1358941,AKAM
2015-04-17,71.75,72.19,71.44,71.9,2009686,AKAM
2015-04-20,72.0,73.68,72.0,73.46,1600839,AKAM
2015-04-21,74.07,75.414,73.98,75.3,2200271,AKAM
2015-04-22,75.69,76.12,75.5,76.02,1605447,AKAM
2015-04-23,75.7,76.72,75.7,76.27,1190136,AKAM
2015-04-24,76.33,76.38,75.57,75.74,1196024,AKAM
2015-04-27,76.08,77.28,75.85,77.04,1882359,AKAM
2015-04-28,77.1,77.31,75.995,76.07,2694529,AKAM
2015-04-29,73.51,75.46,73.0,75.13,4749333,AKAM
2015-04-30,74.61,74.91,73.23,73.78,2280975,AKAM
2015-05-01,73.95,74.7,73.75,74.66,1365315,AKAM
2015-05-04,74.93,75.38,74.37,75.1,1024475,AKAM
2015-05-05,74.62,75.56,74.27,75.36,2157620,AKAM
2015-05-06,75.62,75.62,74.6,75.04,1524691,AKAM
2015-05-07,75.17,75.57,74.55,75.24,1169860,AKAM
2015-05-08,75.73,76.62,75.67,76.43,1334407,AKAM
2015-05-11,76.19,76.85,75.65,76.1,1326365,AKAM
2015-05-12,75.49,76.05,74.7,75.97,1146222,AKAM
2015-05-13,76.26,76.68,75.84,76.12,826134,AKAM
2015-05-14,76.68,78.44,76.31,78.36,1532249,AKAM
2015-05-15,78.2,78.32,77.1801,77.96,2326856,AKAM
2015-05-18,77.85,78.07,77.5,77.94,1298721,AKAM
2015-05-19,77.34,78.0,77.16,77.3,1138656,AKAM
2015-05-20,77.47,77.4899,76.56,76.91,869107,AKAM
2015-05-21,76.91,77.87,76.64,77.64,723213,AKAM
2015-05-22,77.41,77.87,77.355,77.66,980290,AKAM
2015-05-26,77.59,77.6,76.52,76.925,879771,AKAM
2015-05-27,77.05,78.09,77.01,77.74,1201468,AKAM
2015-05-28,77.32,77.74,76.97,77.03,753931,AKAM
2015-05-29,76.76,76.95,76.01,76.27,1791926,AKAM
2015-06-01,76.38,76.5,74.71,75.23,2269523,AKAM
2015-06-02,75.02,75.89,74.86,75.46,1753594,AKAM
2015-06-03,75.58,76.41,75.355,76.02,1203327,AKAM
2015-06-04,75.56,75.97,74.99,75.14,1067789,AKAM
2015-06-05,74.87,75.37,74.57,75.24,1792395,AKAM
2015-06-08,75.21,75.88,74.81,74.89,1368879,AKAM
2015-06-09,73.22,73.87,72.19,72.9,2616766,AKAM
2015-06-10,73.25,74.94,73.03,74.61,1517790,AKAM
2015-06-11,74.65,74.99,73.88,74.05,903162,AKAM
2015-06-12,73.83,74.39,73.37,73.44,764851,AKAM
2015-06-15,72.66,72.972,72.18,72.5,1116503,AKAM
2015-06-16,72.5,73.19,72.5,72.85,711312,AKAM
2015-06-17,72.88,73.34,72.285,72.81,919481,AKAM
2015-06-18,72.84,73.58,72.62,73.27,1121934,AKAM
2015-06-19,73.24,73.33,72.28,72.29,2028547,AKAM
2015-06-22,72.73,73.52,72.5501,73.01,1383550,AKAM
2015-06-23,72.94,73.08,72.03,72.23,1441979,AKAM
2015-06-24,72.22,72.48,70.9,71.325,1509702,AKAM
2015-06-25,71.34,71.8,71.09,71.37,1462297,AKAM
2015-06-26,71.3,71.45,70.65,71.13,1390479,AKAM
2015-06-29,70.29,70.84,69.13,69.18,1165777,AKAM
2015-06-30,69.83,70.29,69.55,69.82,1678578,AKAM
2015-07-01,70.3,70.9125,70.01,70.37,962366,AKAM
2015-07-02,70.38,70.59,69.22,69.91,1142515,AKAM
2015-07-06,69.21,69.94,69.11,69.76,1005914,AKAM
2015-07-07,70.08,70.19,68.72,70.11,1244781,AKAM
2015-07-08,69.81,69.965,68.83,68.855,1171265,AKAM
2015-07-09,69.58,70.3552,69.14,69.3,1561087,AKAM
2015-07-10,70.3,70.3,69.57,69.98,939669,AKAM
2015-07-13,70.44,71.795,70.1,71.67,1106867,AKAM
2015-07-14,71.72,72.95,71.4,72.29,1138420,AKAM
2015-07-15,72.25,72.89,71.79,72.06,924564,AKAM
2015-07-16,72.23,72.89,72.21,72.63,688206,AKAM
2015-07-17,72.7,73.0,72.28,72.72,1070443,AKAM
2015-07-20,72.16,73.925,72.16,73.48,1068688,AKAM
2015-07-21,73.4,73.74,72.5,72.55,1059265,AKAM
2015-07-22,72.64,73.05,72.2825,72.75,1078127,AKAM
2015-07-23,72.94,74.18,72.56,73.51,1030067,AKAM
2015-07-24,73.9,73.93,72.14,72.52,1237851,AKAM
2015-07-27,72.21,72.3788,71.04,71.63,1365871,AKAM
2015-07-28,72.13,73.83,71.25,73.65,2524452,AKAM
2015-07-29,68.05,73.55,67.13,73.21,9972363,AKAM
2015-07-30,72.68,75.95,72.23,74.96,4404556,AKAM
2015-07-31,75.04,76.98,74.4,76.71,3480156,AKAM
2015-08-03,76.04,76.55,74.98,75.75,1987722,AKAM
2015-08-04,75.82,76.29,75.25,75.61,1414387,AKAM
2015-08-05,76.06,76.48,75.61,76.03,1677609,AKAM
2015-08-06,75.98,76.0,73.94,74.42,1241561,AKAM
2015-08-07,74.54,74.63,73.53,74.53,968695,AKAM
2015-08-10,74.98,75.39,74.62,75.01,1087565,AKAM
2015-08-11,74.69,74.69,72.43,72.96,1969194,AKAM
2015-08-12,72.61,74.19,71.76,73.92,1429347,AKAM
2015-08-13,73.82,74.5,73.47,73.84,1129548,AKAM
2015-08-14,73.38,73.84,72.73,73.37,1328653,AKAM
2015-08-17,73.01,73.6,72.32,73.57,1027195,AKAM
2015-08-18,73.96,74.19,73.23,73.85,1222032,AKAM
2015-08-19,73.78,73.9,72.29,73.06,881900,AKAM
2015-08-20,72.3,72.57,69.77,69.78,2107072,AKAM
2015-08-21,69.19,70.0,67.91,68.04,2310837,AKAM
2015-08-24,65.01,68.22,63.14,66.52,3784669,AKAM
2015-08-25,68.24,68.99,65.59,65.63,3113591,AKAM
2015-08-26,67.07,68.3,65.33,68.17,2242353,AKAM
2015-08-27,69.09,70.89,68.5311,70.5,2084185,AKAM
2015-08-28,70.59,71.97,70.2,71.9,2371900,AKAM
2015-08-31,71.66,71.81,70.87,71.31,1767877,AKAM
2015-09-01,69.75,71.43,69.67,70.43,2411225,AKAM
2015-09-02,71.35,71.67,69.665,71.27,1673412,AKAM
2015-09-03,71.86,74.71,71.54,73.26,2381659,AKAM
2015-09-04,71.71,73.1689,71.71,72.58,1607118,AKAM
2015-09-08,73.75,74.35,73.06,74.28,1417619,AKAM
2015-09-09,74.88,75.25,73.13,73.35,1276175,AKAM
2015-09-10,73.28,75.03,73.19,74.55,1410940,AKAM
2015-09-11,74.32,75.32,73.94,74.67,1372319,AKAM
2015-09-14,74.45,74.76,73.85,74.58,1010789,AKAM
2015-09-15,74.6,75.37,74.21,75.2,1077527,AKAM
2015-09-16,74.17,75.02,74.12,74.82,1381120,AKAM
2015-09-17,74.88,75.4,74.07,74.64,1704993,AKAM
2015-09-18,73.75,74.27,71.79,71.95,3906019,AKAM
2015-09-21,72.32,72.6,71.72,72.09,1729419,AKAM
2015-09-22,71.44,71.55,70.1101,70.61,1794181,AKAM
2015-09-23,70.29,70.79,70.06,70.54,1762370,AKAM
2015-09-24,70.28,70.4,69.0155,69.39,1705277,AKAM
2015-09-25,69.72,71.65,69.47,70.55,2835650,AKAM
2015-09-28,70.07,70.91,67.75,67.96,1897936,AKAM
2015-09-29,68.0,68.4,67.1,67.5,1344707,AKAM
2015-09-30,68.68,69.16,68.35,69.06,2200720,AKAM
2015-10-01,69.06,69.44,68.14,68.96,1453517,AKAM
2015-10-02,68.18,70.24,67.4444,70.23,1216240,AKAM
2015-10-05,70.82,72.48,70.41,72.12,1363557,AKAM
2015-10-06,72.0,72.4,71.5,72.3,1094221,AKAM
2015-10-07,72.4,73.73,72.3,73.55,1420466,AKAM
2015-10-08,73.12,73.91,72.85,73.8,958054,AKAM
2015-10-09,73.8,74.04,73.29,73.46,1109799,AKAM
2015-10-12,73.57,73.588,72.57,72.82,1085650,AKAM
2015-10-13,72.53,72.66,71.0,71.14,1295237,AKAM
2015-10-14,71.01,71.866,70.11,70.28,1307426,AKAM
2015-10-15,70.79,71.69,70.38,71.56,1075425,AKAM
2015-10-16,71.67,71.67,70.55,70.95,1279149,AKAM
2015-10-19,70.47,70.84,70.01,70.42,1691828,AKAM
2015-10-20,70.51,72.23,70.28,71.92,1284849,AKAM
2015-10-21,72.12,72.28,71.05,71.16,787291,AKAM
2015-10-22,71.71,73.95,71.52,72.53,1504407,AKAM
2015-10-23,73.51,74.49,72.84,74.08,1402121,AKAM
2015-10-26,73.9,75.435,73.71,75.37,1909759,AKAM
2015-10-27,74.99,76.39,74.83,75.55,3750983,AKAM
2015-10-28,61.91,63.2,60.25,62.91,21769246,AKAM
2015-10-29,61.7,61.75,60.43,61.11,6395010,AKAM
2015-10-30,61.27,62.87,60.8,60.82,4006747,AKAM
2015-11-02,60.73,62.1,60.69,61.78,2383634,AKAM
2015-11-03,61.65,63.55,61.41,63.11,2789507,AKAM
2015-11-04,63.32,63.39,61.98,62.22,2043595,AKAM
2015-11-05,62.44,62.44,61.09,61.7,1521759,AKAM
2015-11-06,61.64,62.79,61.36,62.38,1580577,AKAM
2015-11-09,62.19,62.33,61.15,61.83,1832379,AKAM
2015-11-10,61.75,62.36,61.53,61.65,1707981,AKAM
2015-11-11,61.96,62.08,61.12,61.42,1269110,AKAM
2015-11-12,61.32,61.82,60.4,60.44,1423618,AKAM
2015-11-13,60.43,60.65,58.56,58.57,1957111,AKAM
2015-11-16,58.59,59.31,58.26,59.14,1777073,AKAM
2015-11-17,59.17,59.48,58.53,58.73,1528883,AKAM
2015-11-18,58.84,59.39,58.52,59.25,1544635,AKAM
2015-11-19,59.84,60.0,58.8,59.21,1369489,AKAM
2015-11-20,57.96,58.0,55.36,56.92,6647146,AKAM
2015-11-23,56.94,57.85,56.82,56.95,2954732,AKAM
2015-11-24,56.55,57.33,56.45,56.62,1794678,AKAM
2015-11-25,56.97,58.1,56.82,57.68,1423060,AKAM
2015-11-27,57.67,58.17,57.5,57.9,581760,AKAM
2015-11-30,58.01,58.13,57.155,57.61,1832815,AKAM
2015-12-01,57.62,58.51,57.46,57.66,1851760,AKAM
2015-12-02,57.57,57.84,55.96,56.07,2715186,AKAM
2015-12-03,56.31,56.625,54.53,54.81,2509593,AKAM
2015-12-04,54.98,56.81,54.91,56.615,2532107,AKAM
2015-12-07,56.34,56.35,55.62,55.71,1765036,AKAM
2015-12-08,55.32,55.525,54.94,55.1,1822290,AKAM
2015-12-09,53.72,55.31,53.23,53.27,4106995,AKAM
2015-12-10,53.39,54.28,53.08,53.7,2067548,AKAM
2015-12-11,53.1,53.65,51.56,51.81,2894135,AKAM
2015-12-14,52.37,52.85,50.56,51.08,3182709,AKAM
2015-12-15,51.32,52.54,51.135,51.755,3039510,AKAM
2015-12-16,52.35,53.37,52.25,53.275,2513932,AKAM
2015-12-17,53.34,53.93,52.59,52.59,2272663,AKAM
2015-12-18,52.48,53.04,52.28,52.32,3772269,AKAM
2015-12-21,52.82,52.95,51.99,52.675,1444760,AKAM
2015-12-22,52.7,53.17,52.52,52.975,987234,AKAM
2015-12-23,52.91,53.48,52.81,53.25,1338305,AKAM
2015-12-24,53.4,53.51,52.96,53.04,410229,AKAM
2015-12-28,53.11,53.33,52.603,53.18,927396,AKAM
2015-12-29,53.45,53.83,52.9992,53.33,1082137,AKAM
2015-12-30,53.3,53.44,52.89,52.9,786487,AKAM
2015-12-31,52.84,53.42,52.61,52.63,1131956,AKAM
2016-01-04,51.8,52.32,50.91,52.31,4341097,AKAM
2016-01-05,52.38,52.65,51.93,52.02,1505033,AKAM
2016-01-06,51.0,51.76,50.38,50.48,2588749,AKAM
2016-01-07,49.34,50.7,48.16,48.19,4029624,AKAM
2016-01-08,48.51,49.18,48.05,48.1,4122741,AKAM
2016-01-11,48.27,48.87,44.93,45.46,6487045,AKAM
2016-01-12,46.01,48.19,46.01,46.88,6203449,AKAM
2016-01-13,47.14,47.69,45.75,45.82,4134906,AKAM
2016-01-14,45.98,47.26,45.1,46.91,2974796,AKAM
2016-01-15,45.33,45.91,43.93,44.15,3836083,AKAM
2016-01-19,44.82,45.64,43.75,45.44,3590128,AKAM
2016-01-20,44.79,46.75,43.75,46.11,3493890,AKAM
2016-01-21,46.33,47.82,45.8,46.21,3350361,AKAM
2016-01-22,46.97,47.89,46.52,46.91,1984684,AKAM
2016-01-25,46.81,46.9,45.64,45.7,1413870,AKAM
2016-01-26,45.86,46.42,45.26,46.2,2256567,AKAM
2016-01-27,45.7,46.44,44.15,44.35,2082825,AKAM
2016-01-28,44.85,45.21,43.28,43.47,2726349,AKAM
2016-01-29,43.79,45.63,43.53,45.62,2278158,AKAM
2016-02-01,45.5,45.54,44.31,45.3,2765770,AKAM
2016-02-02,44.96,44.96,42.68,42.94,2789195,AKAM
2016-02-03,43.25,44.81,42.96,44.39,3792873,AKAM
2016-02-04,44.41,45.275,43.87,44.64,2402873,AKAM
2016-02-05,44.15,44.19,42.88,43.2,2629279,AKAM
2016-02-08,42.51,43.0,40.22,40.98,3280033,AKAM
2016-02-09,40.59,41.53,39.43,39.57,6686739,AKAM
2016-02-10,46.99,49.28,44.68,47.96,14254350,AKAM
2016-02-11,47.13,49.44,46.5,49.14,5810001,AKAM
2016-02-12,49.57,50.9,49.28,50.76,4037236,AKAM
2016-02-16,51.27,53.15,50.47,52.55,5450184,AKAM
2016-02-17,53.18,54.0,52.85,53.42,3354969,AKAM
2016-02-18,54.83,54.83,53.07,53.28,3447949,AKAM
2016-02-19,52.9,53.14,52.0,53.13,3426734,AKAM
2016-02-22,53.63,55.6,53.39,54.48,3963500,AKAM
2016-02-23,54.07,54.76,53.58,53.97,3878854,AKAM
2016-02-24,53.59,54.97,53.015,54.78,2165272,AKAM
2016-02-25,54.92,55.0,54.15,54.96,2554557,AKAM
2016-02-26,55.35,55.55,54.6,55.24,3038186,AKAM
2016-02-29,55.29,55.54,53.97,53.97,4323435,AKAM
2016-03-01,54.37,55.57,54.0,55.53,3930484,AKAM
2016-03-02,55.4,56.31,55.0401,56.21,2425746,AKAM
2016-03-03,55.83,55.892,55.2,55.64,2524406,AKAM
2016-03-04,55.65,55.98,55.03,55.57,2835654,AKAM
2016-03-07,55.0,55.98,54.92,55.33,2950542,AKAM
2016-03-08,54.94,55.15,54.15,54.58,2916906,AKAM
2016-03-09,54.99,55.49,54.29,55.19,1595568,AKAM
2016-03-10,55.24,55.43,53.9,54.64,3072663,AKAM
2016-03-11,55.26,56.29,55.18,56.07,1264383,AKAM
2016-03-14,55.75,55.83,55.08,55.28,1896623,AKAM
2016-03-15,54.89,55.09,54.34,54.67,1844906,AKAM
2016-03-16,54.29,56.0923,54.19,55.81,1610726,AKAM
2016-03-17,55.48,56.08,55.275,56.06,1688384,AKAM
2016-03-18,56.5,57.05,55.69,55.95,2417964,AKAM
2016-03-21,55.85,56.36,55.685,56.29,1071877,AKAM
2016-03-22,55.98,57.0,55.81,56.74,1193505,AKAM
2016-03-23,56.67,56.67,54.95,55.12,1697920,AKAM
2016-03-24,54.65,55.13,54.391,54.84,1940498,AKAM
2016-03-28,55.1,55.31,54.57,54.93,1289600,AKAM
2016-03-29,54.65,55.54,54.02,55.26,1159516,AKAM
2016-03-30,55.74,55.801,54.79,55.1,1540116,AKAM
2016-03-31,55.06,55.73,54.7,55.57,1643033,AKAM
2016-04-01,55.14,55.31,54.244,55.22,1671775,AKAM
2016-04-04,55.17,55.84,54.76,55.33,1034096,AKAM
2016-04-05,54.19,54.32,52.76,53.14,2116879,AKAM
2016-04-06,53.08,54.8,53.08,54.78,1672620,AKAM
2016-04-07,54.5,55.0,53.0,53.28,1754484,AKAM
2016-04-08,53.59,53.95,52.2,52.38,1863545,AKAM
2016-04-11,52.69,52.985,51.01,51.06,2409524,AKAM
2016-04-12,51.18,51.61,49.8001,50.54,3063091,AKAM
2016-04-13,50.76,51.97,50.6101,51.79,1600034,AKAM
2016-04-14,51.53,52.34,51.13,51.67,1273999,AKAM
2016-04-15,51.58,51.91,50.77,50.93,1985923,AKAM
2016-04-18,50.54,51.98,49.87,51.75,2296226,AKAM
2016-04-19,51.93,52.25,50.76,51.35,1845430,AKAM
2016-04-20,51.35,51.66,50.0,51.27,2125182,AKAM
2016-04-21,51.36,51.71,51.03,51.36,1319306,AKAM
2016-04-22,51.26,51.81,50.64,51.13,2987927,AKAM
2016-04-25,51.0,51.11,50.5604,51.09,1617719,AKAM
2016-04-26,50.93,52.84,50.827,52.66,3781214,AKAM
2016-04-27,52.1,57.5,52.03,54.85,6939678,AKAM
2016-04-28,54.48,54.81,52.29,52.41,2530279,AKAM
2016-04-29,52.21,52.38,50.38,50.99,2741351,AKAM
2016-05-02,50.75,51.1772,50.03,50.94,1982908,AKAM
2016-05-03,50.82,50.94,49.64,49.91,1979053,AKAM
2016-05-04,49.62,49.97,49.09,49.54,2677348,AKAM
2016-05-05,49.77,50.04,49.0923,49.51,2055127,AKAM
2016-05-06,49.35,49.97,48.88,49.94,1444676,AKAM
2016-05-09,49.65,50.44,49.56,50.15,1243439,AKAM
2016-05-10,50.35,52.03,50.27,51.97,1904264,AKAM
2016-05-11,51.77,51.86,50.58,50.72,1326931,AKAM
2016-05-12,51.0,51.74,50.5,51.12,1652649,AKAM
2016-05-13,50.93,51.38,50.28,50.49,1505200,AKAM
2016-05-16,50.49,51.68,50.36,51.36,1281039,AKAM
2016-05-17,51.2,51.75,50.705,50.965,1221495,AKAM
2016-05-18,51.03,51.4,50.44,50.97,862973,AKAM
2016-05-19,50.68,51.29,50.06,50.68,838377,AKAM
2016-05-20,51.05,51.99,50.95,51.73,1584861,AKAM
2016-05-23,51.61,51.87,50.8,51.29,1586848,AKAM
2016-05-24,51.32,52.91,51.0,52.7,1182487,AKAM
2016-05-25,52.87,53.8125,52.71,52.86,1142028,AKAM
2016-05-26,52.76,54.17,52.62,53.98,2335184,AKAM
2016-05-27,54.0,54.5,53.64,54.2,1166801,AKAM
2016-05-31,54.42,54.78,54.18,54.58,1261013,AKAM
2016-06-01,54.01,54.62,53.73,54.42,1240840,AKAM
2016-06-02,54.1,54.97,54.1,54.9,707489,AKAM
2016-06-03,54.46,54.58,52.99,53.55,1280602,AKAM
2016-06-06,53.77,54.7297,53.17,54.53,909543,AKAM
2016-06-07,54.5,54.885,53.92,54.85,1238209,AKAM
2016-06-08,54.99,55.4,54.81,54.92,1237399,AKAM
2016-06-09,54.63,55.5,54.16,55.44,1424082,AKAM
2016-06-10,54.65,55.24,52.67,52.73,1434128,AKAM
2016-06-13,52.47,53.16,52.18,52.21,1245469,AKAM
2016-06-14,52.09,52.69,51.97,52.66,1184998,AKAM
2016-06-15,52.66,54.058,52.66,53.27,1471576,AKAM
2016-06-16,52.8,53.81,52.35,53.71,1281228,AKAM
2016-06-17,53.73,53.99,53.16,53.19,2330298,AKAM
2016-06-20,54.04,54.82,53.5,54.14,1806855,AKAM
2016-06-21,54.42,54.74,54.14,54.7,1132152,AKAM
2016-06-22,54.66,55.24,54.57,54.7,1495909,AKAM
2016-06-23,55.24,57.17,55.125,57.17,2517337,AKAM
2016-06-24,54.96,55.74,53.17,53.35,3494509,AKAM
2016-06-27,52.7,52.88,50.91,51.16,2460302,AKAM
2016-06-28,51.96,53.43,51.88,53.05,1965723,AKAM
2016-06-29,53.09,54.84,52.8,54.56,1780193,AKAM
2016-06-30,54.79,55.94,53.99,55.93,1957599,AKAM
2016-07-01,55.81,56.33,55.2,55.5,1242377,AKAM
2016-07-05,55.1,55.5,53.81,54.25,1327230,AKAM
2016-07-06,54.18,55.03,53.72,54.96,1443457,AKAM
2016-07-07,55.0,55.385,54.675,54.94,989553,AKAM
2016-07-08,55.5,56.64,54.86,56.38,1919170,AKAM
2016-07-11,56.66,57.4,55.8899,56.24,1498036,AKAM
2016-07-12,56.74,56.9,56.11,56.16,2018411,AKAM
2016-07-13,56.7,57.69,56.5,56.86,1789644,AKAM
2016-07-14,57.72,58.01,57.11,57.43,1611116,AKAM
2016-07-15,57.7,57.91,57.03,57.25,1137960,AKAM
2016-07-18,57.39,57.86,57.28,57.47,937932,AKAM
2016-07-19,57.24,57.96,57.24,57.45,1000052,AKAM
2016-07-20,57.71,57.89,57.42,57.83,1164647,AKAM
2016-07-21,57.89,58.12,57.01,57.2,1486517,AKAM
2016-07-22,57.45,58.14,57.24,57.89,1048026,AKAM
2016-07-25,57.83,58.33,57.565,57.9,1676791,AKAM
2016-07-26,58.0,58.47,57.69,58.09,3896212,AKAM
2016-07-27,51.23,51.44,47.8,50.51,19372284,AKAM
2016-07-28,50.45,51.125,50.21,50.69,4725013,AKAM
2016-07-29,50.64,50.83,49.76,50.53,3622526,AKAM
2016-08-01,50.56,50.71,50.187,50.6,3028327,AKAM
2016-08-02,50.46,50.69,49.21,49.96,3083522,AKAM
2016-08-03,49.86,49.98,49.16,49.44,1909039,AKAM
2016-08-04,49.28,49.705,48.92,49.43,1939228,AKAM
2016-08-05,49.73,50.87,49.1588,50.66,2085659,AKAM
2016-08-08,50.78,50.94,50.05,50.21,1405299,AKAM
2016-08-09,50.17,50.95,50.16,50.22,1802561,AKAM
2016-08-10,50.35,52.06,50.35,52.02,2997435,AKAM
2016-08-11,52.15,52.3,51.3,51.41,1582287,AKAM
2016-08-12,52.19,52.57,51.955,51.97,1979593,AKAM
2016-08-15,52.05,53.0075,52.02,52.05,1960670,AKAM
2016-08-16,52.07,52.63,52.0,52.0,1241019,AKAM
2016-08-17,52.24,52.4,51.98,52.34,1608480,AKAM
2016-08-18,52.35,52.64,52.0,52.35,1108053,AKAM
2016-08-19,52.3,52.96,52.0,52.95,1391247,AKAM
2016-08-22,52.81,53.0,52.25,52.98,1286074,AKAM
2016-08-23,53.06,54.28,52.95,53.6,1379082,AKAM
2016-08-24,53.68,54.44,53.63,53.98,1984640,AKAM
2016-08-25,53.8,54.68,53.76,54.56,1971270,AKAM
2016-08-26,54.56,55.94,54.18,55.31,2222253,AKAM
2016-08-29,55.25,55.3,54.66,55.04,1173252,AKAM
2016-08-30,55.05,55.56,54.61,54.89,1168802,AKAM
2016-08-31,54.97,55.14,54.29,54.9,1304417,AKAM
2016-09-01,54.82,55.08,54.16,55.07,1770093,AKAM
2016-09-02,55.4,55.78,55.005,55.33,1149828,AKAM
2016-09-06,55.29,55.825,55.08,55.5,1737377,AKAM
2016-09-07,55.37,55.43,53.91,54.08,2394807,AKAM
2016-09-08,53.9,54.31,53.235,53.5,3483993,AKAM
2016-09-09,53.04,53.73,52.43,52.5,2208981,AKAM
2016-09-12,52.38,53.275,52.31,53.09,2117054,AKAM
2016-09-13,52.5,52.82,51.43,51.87,1904962,AKAM
2016-09-14,51.81,52.46,51.33,51.65,2365671,AKAM
2016-09-15,51.31,51.71,50.91,51.38,3071969,AKAM
2016-09-16,51.2,51.4,50.76,50.98,2415117,AKAM
2016-09-19,51.18,51.9,51.14,51.62,2429964,AKAM
2016-09-20,51.98,52.26,51.36,51.36,1907517,AKAM
2016-09-21,51.48,52.3,51.28,52.21,1690189,AKAM
2016-09-22,52.7,52.93,52.17,52.43,2073632,AKAM
2016-09-23,52.11,52.63,52.11,52.25,1307373,AKAM
2016-09-26,51.84,52.25,51.51,51.76,1299109,AKAM
2016-09-27,51.85,52.83,51.8,52.65,1562407,AKAM
2016-09-28,52.57,52.7,51.36,52.28,1967070,AKAM
2016-09-29,52.27,53.64,52.27,52.41,2268609,AKAM
2016-09-30,52.63,53.19,52.13,52.99,1354713,AKAM
2016-10-03,52.96,53.745,52.63,53.71,1848293,AKAM
2016-10-04,53.75,54.78,53.2,54.64,2633563,AKAM
2016-10-05,54.9,56.05,54.73,55.98,2973634,AKAM
2016-10-06,55.8,55.91,54.6,54.86,1973496,AKAM
2016-10-07,55.33,55.33,54.58,54.95,1162359,AKAM
2016-10-10,55.22,55.74,55.07,55.31,1256995,AKAM
2016-10-11,55.3,55.3,53.61,54.13,1795787,AKAM
2016-10-12,54.03,54.36,53.57,54.28,993833,AKAM
2016-10-13,53.87,54.58,53.19,54.45,1400578,AKAM
2016-10-14,54.8,55.24,54.07,54.66,1521051,AKAM
2016-10-17,54.52,54.99,54.11,54.94,1265953,AKAM
2016-10-18,55.69,56.3,55.58,55.92,1937320,AKAM
2016-10-19,56.18,56.98,56.0,56.62,1697985,AKAM
2016-10-20,56.57,56.875,56.3281,56.73,1072674,AKAM
2016-10-21,56.73,57.81,56.25,57.67,1800564,AKAM
2016-10-24,57.97,59.18,57.84,58.84,2852923,AKAM
2016-10-25,59.0,59.2,58.44,59.07,3407448,AKAM
2016-10-26,64.36,68.47,64.1,67.7,13754496,AKAM
2016-10-27,68.09,69.95,67.02,68.81,6585245,AKAM
2016-10-28,68.63,70.0999,68.47,69.91,4018116,AKAM
2016-10-31,69.76,71.04,69.35,69.47,3711311,AKAM
2016-11-01,69.39,69.55,67.52,68.1,5326018,AKAM
2016-11-02,68.0,68.22,67.21,67.31,3685333,AKAM
2016-11-03,67.42,67.54,66.48,66.52,2483634,AKAM
2016-11-04,66.33,67.04,65.685,65.81,3087659,AKAM
2016-11-07,67.32,67.5,66.21,66.52,2617312,AKAM
2016-11-08,66.31,66.76,65.75,66.37,2761666,AKAM
2016-11-09,64.99,66.975,64.7701,66.53,2761036,AKAM
2016-11-10,66.85,67.63,65.0001,66.22,2153068,AKAM
2016-11-11,65.93,66.155,65.11,65.45,2926291,AKAM
2016-11-14,65.77,65.86,65.08,65.44,2375853,AKAM
2016-11-15,65.77,66.3,65.3,65.47,3692068,AKAM
2016-11-16,65.4,66.1,65.21,65.9,2153610,AKAM
2016-11-17,66.25,66.93,66.1,66.6,2343467,AKAM
2016-11-18,66.63,66.74,66.08,66.44,1515604,AKAM
2016-11-21,66.5,67.1,66.05,66.9,2356660,AKAM
2016-11-22,66.26,67.0286,66.26,66.82,1892880,AKAM
2016-11-23,66.8,66.93,65.86,66.48,1361978,AKAM
2016-11-25,66.7,66.97,66.1,66.95,439745,AKAM
2016-11-28,66.52,66.79,65.9,66.17,989736,AKAM
2016-11-29,66.34,67.7616,66.11,67.28,1897794,AKAM
2016-11-30,67.3,67.48,66.44,66.7,1752466,AKAM
2016-12-01,66.48,66.5,63.5,63.51,2888765,AKAM
2016-12-02,63.34,64.14,62.83,63.87,2284018,AKAM
2016-12-05,64.0,64.59,63.62,64.31,1972314,AKAM
2016-12-06,64.41,64.98,64.04,64.93,1235759,AKAM
2016-12-07,64.71,66.18,64.4,66.15,1310173,AKAM
2016-12-08,65.86,66.79,65.58,66.31,1099800,AKAM
2016-12-09,66.37,66.57,64.82,64.94,1224125,AKAM
2016-12-12,64.79,64.84,63.68,64.25,1055494,AKAM
2016-12-13,64.61,65.92,64.48,65.14,1344805,AKAM
2016-12-14,67.0,68.36,66.57,66.99,3129056,AKAM
2016-12-15,66.81,68.18,66.47,67.58,1543430,AKAM
2016-12-16,67.92,68.43,66.63,67.19,2734400,AKAM
2016-12-19,67.34,68.07,66.44,67.76,925435,AKAM
2016-12-20,67.82,68.84,67.8,68.7,1274622,AKAM
2016-12-21,68.85,69.26,67.7874,67.87,1024293,AKAM
2016-12-22,68.16,68.68,67.24,67.37,965929,AKAM
2016-12-23,67.31,67.75,67.11,67.63,571520,AKAM
2016-12-27,67.63,68.39,67.27,68.09,607126,AKAM
2016-12-28,68.13,68.3,67.12,67.27,710304,AKAM
2016-12-29,67.14,67.831,66.88,67.04,589411,AKAM
2016-12-30,67.25,67.55,66.35,66.68,967732,AKAM
2017-01-03,67.27,68.37,67.11,67.57,1077494,AKAM
2017-01-04,67.51,68.475,67.19,68.33,1174309,AKAM
2017-01-05,68.12,69.75,68.12,69.55,1780057,AKAM
2017-01-06,69.38,70.51,68.92,69.79,1967305,AKAM
2017-01-09,69.74,70.2899,69.7,70.0,1550617,AKAM
2017-01-10,70.0,70.48,69.82,70.28,1462164,AKAM
2017-01-11,70.59,71.64,70.09,70.12,2247657,AKAM
2017-01-12,70.01,70.3,69.15,69.93,1259741,AKAM
2017-01-13,70.23,70.42,69.86,70.02,1491651,AKAM
2017-01-17,69.81,70.0,69.18,69.79,1016719,AKAM
2017-01-18,69.74,69.81,68.937,69.6,1075488,AKAM
2017-01-19,69.36,69.74,68.959,68.98,1409747,AKAM
2017-01-20,69.36,69.6,68.85,69.15,1447099,AKAM
2017-01-23,69.05,69.35,67.84,67.97,1456303,AKAM
2017-01-24,67.97,68.28,67.4654,67.74,1566053,AKAM
2017-01-25,68.35,68.82,67.79,68.73,2188161,AKAM
2017-01-26,68.54,68.7,67.73,67.78,1416256,AKAM
2017-01-27,68.04,68.08,67.55,67.97,1535748,AKAM
2017-01-30,67.99,68.35,67.36,67.81,1893901,AKAM
2017-01-31,67.57,68.85,67.2,68.59,1548738,AKAM
2017-02-01,68.67,68.8,67.76,68.7,1579525,AKAM
2017-02-02,68.37,69.67,67.83,69.4,1333635,AKAM
2017-02-03,69.85,69.85,69.01,69.55,1420030,AKAM
2017-02-06,69.22,69.71,68.63,69.71,1629953,AKAM
2017-02-07,70.0,71.34,69.581,71.12,3881686,AKAM
2017-02-08,66.58,66.59,61.54,63.55,15940222,AKAM
2017-02-09,63.83,64.58,63.61,63.85,4080896,AKAM
2017-02-10,63.85,64.28,63.5,63.95,2507586,AKAM
2017-02-13,64.2,64.2,63.35,63.6,1769882,AKAM
2017-02-14,63.75,64.13,63.37,63.55,2180921,AKAM
2017-02-15,63.3,64.095,63.21,63.9,1371170,AKAM
2017-02-16,64.22,64.77,63.75,64.24,1761011,AKAM
2017-02-17,63.83,63.87,62.0,62.34,3981112,AKAM
2017-02-21,62.5,63.1452,62.46,62.64,1808256,AKAM
2017-02-22,62.5,63.15,62.5,63.01,1350407,AKAM
2017-02-23,63.05,63.13,62.64,62.7,1125622,AKAM
2017-02-24,62.5,62.885,62.39,62.87,1363846,AKAM
2017-02-27,62.76,63.115,62.46,62.86,861775,AKAM
2017-02-28,62.8,63.11,62.31,62.6,1589551,AKAM
2017-03-01,62.82,63.59,62.79,63.38,1382745,AKAM
2017-03-02,63.24,64.5,63.07,63.79,2158360,AKAM
2017-03-03,63.55,63.55,63.13,63.36,1325819,AKAM
2017-03-06,63.16,63.25,62.83,63.06,1067045,AKAM
2017-03-07,63.1,64.52,63.1,63.3,1658780,AKAM
2017-03-08,63.3,63.85,62.96,63.55,1292691,AKAM
2017-03-09,63.64,64.35,63.4,64.2,1336622,AKAM
2017-03-10,64.37,64.74,63.76,64.22,1259832,AKAM
2017-03-13,64.34,65.2,64.18,64.59,1341265,AKAM
2017-03-14,64.53,64.95,63.54,63.63,1197993,AKAM
2017-03-15,64.0,64.56,63.39,64.39,1327778,AKAM
2017-03-16,64.71,64.93,64.43,64.63,1083760,AKAM
2017-03-17,64.94,65.22,64.62,65.0,2912911,AKAM
2017-03-20,64.96,65.04,64.33,64.86,922432,AKAM
2017-03-21,65.41,65.65,62.92,62.95,2295918,AKAM
2017-03-22,63.14,63.76,62.93,63.68,921366,AKAM
2017-03-23,63.69,64.42,63.4,63.66,980728,AKAM
2017-03-24,63.82,64.31,63.46,63.63,1008272,AKAM
2017-03-27,62.88,63.44,62.51,63.09,1836706,AKAM
2017-03-28,63.06,63.61,63.0,63.25,2299231,AKAM
2017-03-29,63.28,63.7,63.08,63.44,2068314,AKAM
2017-03-30,63.17,64.07,60.37,60.53,6001102,AKAM
2017-03-31,60.56,60.91,59.5,59.7,3600890,AKAM
2017-04-03,59.74,59.99,57.86,58.1,3522721,AKAM
2017-04-04,58.19,59.41,58.19,59.3,4459654,AKAM
2017-04-05,59.3,59.73,58.65,58.8,1982841,AKAM
2017-04-06,59.07,59.7,58.39,58.75,1902512,AKAM
2017-04-07,58.65,58.74,57.995,58.1,2256905,AKAM
2017-04-10,58.36,58.82,57.99,58.51,1974447,AKAM
2017-04-11,58.62,59.23,58.43,59.01,2130245,AKAM
2017-04-12,58.83,59.09,58.54,58.88,1413691,AKAM
2017-04-13,58.83,59.2,58.51,58.8,1437697,AKAM
2017-04-17,59.07,59.2,58.69,58.82,1152312,AKAM
2017-04-18,58.77,59.3,58.72,58.95,1004756,AKAM
2017-04-19,59.0,59.91,58.96,59.68,1860380,AKAM
2017-04-20,59.87,60.55,59.65,60.2,1558110,AKAM
2017-04-21,60.39,60.52,60.01,60.28,843146,AKAM
2017-04-24,60.86,61.73,60.79,61.39,1954289,AKAM
2017-04-25,61.42,61.86,61.33,61.8,1745750,AKAM
2017-04-26,61.81,62.43,61.57,62.24,1155722,AKAM
2017-04-27,60.34,60.43,58.96,59.75,4224075,AKAM
2017-04-28,59.79,60.96,59.53,60.94,1767750,AKAM
2017-05-01,61.19,61.79,60.77,61.48,1597529,AKAM
2017-05-02,61.59,62.58,60.97,62.5,3000773,AKAM
2017-05-03,53.9,54.86,52.01,52.8,15062973,AKAM
2017-05-04,53.13,54.0401,52.78,52.86,4593535,AKAM
2017-05-05,52.86,52.86,51.8,52.13,3882009,AKAM
2017-05-08,52.09,52.17,50.12,50.17,5951968,AKAM
2017-05-09,50.48,50.71,50.16,50.4,4523834,AKAM
2017-05-10,50.47,50.5,49.65,49.85,3708313,AKAM
2017-05-11,49.76,50.07,49.425,49.85,2698379,AKAM
2017-05-12,49.6,49.82,49.28,49.43,2287084,AKAM
2017-05-15,49.5,50.07,49.5,49.83,2662230,AKAM
2017-05-16,50.07,50.24,49.12,49.15,2783502,AKAM
2017-05-17,48.8,48.85,47.46,47.5,4037600,AKAM
2017-05-18,47.5,47.7,46.9,47.0,4305810,AKAM
2017-05-19,47.18,47.66,47.05,47.38,2788526,AKAM
2017-05-22,47.6,47.99,47.58,47.75,1704906,AKAM
2017-05-23,47.86,47.91,47.315,47.41,2326002,AKAM
2017-05-24,47.54,47.92,47.16,47.62,1957835,AKAM
2017-05-25,47.68,48.395,47.5601,48.06,3859733,AKAM
2017-05-26,48.0,48.17,47.14,47.39,1446053,AKAM
2017-05-30,47.29,47.67,47.05,47.43,1617691,AKAM
2017-05-31,47.52,47.565,46.81,47.15,1991244,AKAM
2017-06-01,47.23,48.32,47.08,48.3,1923890,AKAM
2017-06-02,48.69,48.79,48.07,48.53,2031031,AKAM
2017-06-05,48.45,49.06,48.39,48.91,1918381,AKAM
2017-06-06,48.89,49.06,48.3514,48.45,1697406,AKAM
2017-06-07,48.49,48.75,48.19,48.54,2338531,AKAM
2017-06-08,48.55,48.94,48.3,48.91,1371431,AKAM
2017-06-09,49.12,49.33,47.635,48.13,1958434,AKAM
2017-06-12,47.84,49.65,47.66,49.52,2931115,AKAM
2017-06-13,49.96,50.65,49.56,49.63,2209669,AKAM
2017-06-14,49.84,49.95,48.97,49.25,1859946,AKAM
2017-06-15,48.88,49.36,48.71,49.19,1502404,AKAM
2017-06-16,48.92,49.57,48.5,49.5,5036206,AKAM
2017-06-19,49.86,50.24,49.34,49.49,1925921,AKAM
2017-06-20,49.47,49.6805,48.61,48.64,1320403,AKAM
2017-06-21,48.78,49.34,48.43,49.28,1502896,AKAM
2017-06-22,49.19,50.61,48.97,50.02,2648922,AKAM
2017-06-23,50.12,51.51,49.92,51.3,6358993,AKAM
2017-06-26,51.3,51.65,50.5,50.87,1569546,AKAM
2017-06-27,50.73,51.14,50.0,50.0,1778857,AKAM
2017-06-28,50.26,50.8,50.06,50.63,1171154,AKAM
2017-06-29,50.28,50.45,49.131,50.24,2711759,AKAM
2017-06-30,50.53,50.53,49.64,49.81,1545754,AKAM
2017-07-03,50.15,50.73,50.01,50.09,959422,AKAM
2017-07-05,50.27,51.0201,50.01,50.95,1770144,AKAM
2017-07-06,50.63,50.63,49.27,49.36,2523928,AKAM
2017-07-07,49.55,50.13,49.18,49.24,2019948,AKAM
2017-07-10,49.31,49.78,49.11,49.65,1472542,AKAM
2017-07-11,49.63,50.27,49.5,49.83,1005221,AKAM
2017-07-12,50.14,50.83,50.07,50.55,1508855,AKAM
2017-07-13,50.64,50.64,50.06,50.08,1085583,AKAM
2017-07-14,50.2,50.68,50.1,50.62,1187125,AKAM
2017-07-17,50.89,52.46,50.89,51.77,2520351,AKAM
2017-07-18,51.69,51.83,51.19,51.53,1742288,AKAM
2017-07-19,51.63,52.24,51.58,52.1,1195547,AKAM
2017-07-20,52.1,52.64,51.8,52.36,1377155,AKAM
2017-07-21,52.25,52.45,51.81,52.13,1303086,AKAM
2017-07-24,52.15,52.45,52.04,52.37,1615375,AKAM
2017-07-25,52.36,53.45,52.08,53.28,3503283,AKAM
2017-07-26,49.95,50.0,45.41,45.49,15168502,AKAM
2017-07-27,45.67,46.99,45.41,46.01,4634838,AKAM
2017-07-28,46.06,47.265,45.903,46.89,2993447,AKAM
2017-07-31,46.97,47.28,46.25,47.14,2575847,AKAM
2017-08-01,47.96,47.985,47.215,47.31,1573603,AKAM
2017-08-02,47.43,47.56,46.95,47.51,1763754,AKAM
2017-08-03,47.56,48.19,47.462,48.04,1871311,AKAM
2017-08-04,48.09,48.42,47.81,47.87,1393993,AKAM
2017-08-07,47.96,47.985,47.215,47.31,1580112,AKAM
2017-08-08,47.17,47.68,46.9,47.27,1443087,AKAM
2017-08-09,47.18,47.86,46.74,47.4,1627532,AKAM
2017-08-10,47.05,47.2,46.31,46.31,1848963,AKAM
2017-08-11,46.38,46.62,46.18,46.37,1422763,AKAM
2017-08-14,46.59,47.29,46.46,46.82,1997012,AKAM
2017-08-15,46.82,47.09,46.13,46.34,1686679,AKAM
2017-08-16,46.41,46.74,45.87,46.29,1722707,AKAM
2017-08-17,46.39,46.4,45.37,45.4,1517563,AKAM
2017-08-18,45.46,45.86,45.18,45.36,1378991,AKAM
2017-08-21,45.29,45.39,44.65,44.91,1318162,AKAM
2017-08-22,45.04,45.89,45.04,45.81,1285985,AKAM
2017-08-23,45.55,45.76,45.32,45.42,1141795,AKAM
2017-08-24,45.51,45.67,45.1,45.23,1202555,AKAM
2017-08-25,45.49,45.49,44.95,44.98,1760730,AKAM
2017-08-28,45.06,45.25,44.91,45.14,1111360,AKAM
2017-08-29,44.81,45.86,44.71,45.71,1986532,AKAM
2017-08-30,45.72,46.53,45.64,46.47,1820729,AKAM
2017-08-31,46.63,47.35,46.53,47.15,1721387,AKAM
2017-09-01,47.28,47.65,47.0493,47.08,1149430,AKAM
2017-09-05,46.86,47.0,45.81,46.17,1647153,AKAM
2017-09-06,46.23,46.97,46.1,46.89,1566359,AKAM
2017-09-07,46.98,47.0,46.61,46.8,1472448,AKAM
2017-09-08,46.95,46.95,45.94,46.0,1691242,AKAM
2017-09-11,46.29,46.62,46.22,46.47,1364320,AKAM
2017-09-12,46.45,46.98,46.26,46.8,1306436,AKAM
2017-09-13,46.74,46.91,46.53,46.68,1133846,AKAM
2017-09-14,46.57,46.66,46.13,46.6,1521098,AKAM
2017-09-15,46.56,47.36,46.49,47.34,2697554,AKAM
2017-09-18,47.39,47.91,47.355,47.57,1397355,AKAM
2017-09-19,47.77,47.82,47.29,47.69,1699478,AKAM
2017-09-20,47.69,47.9,47.34,47.67,1405979,AKAM
2017-09-21,47.59,47.89,47.5,47.52,1110539,AKAM
2017-09-22,47.26,48.38,47.0101,48.33,1657146,AKAM
2017-09-25,48.2,48.6,47.44,47.92,2562561,AKAM
2017-09-26,48.21,48.3374,47.76,47.83,1872901,AKAM
2017-09-27,48.12,48.13,47.44,47.75,1562548,AKAM
2017-09-28,47.62,47.71,46.97,47.68,1780552,AKAM
2017-09-29,47.59,48.82,47.584,48.72,1821282,AKAM
2017-10-02,49.35,50.08,48.72,50.0,2610272,AKAM
2017-10-03,50.14,50.635,49.91,50.5,1798164,AKAM
2017-10-04,50.49,50.7,50.26,50.5,1373249,AKAM
2017-10-05,50.6,50.86,50.34,50.78,1409547,AKAM
2017-10-06,50.7,50.87,50.21,50.63,1353258,AKAM
2017-10-09,50.59,50.5924,50.105,50.31,1186862,AKAM
2017-10-10,50.73,51.11,50.59,51.03,1025272,AKAM
2017-10-11,49.86,50.52,49.59,50.52,2436994,AKAM
2017-10-12,50.41,50.93,50.22,50.52,1171001,AKAM
2017-10-13,50.66,50.89,50.58,50.76,1509481,AKAM
2017-10-16,50.84,51.1,50.7,50.73,1425760,AKAM
2017-10-17,50.65,50.92,50.39,50.58,911521,AKAM
2017-10-18,50.7,51.19,50.56,51.0,1319405,AKAM
2017-10-19,50.92,51.68,50.83,51.65,1277996,AKAM
2017-10-20,51.86,52.1,51.63,51.87,1901168,AKAM
2017-10-23,51.89,52.09,51.41,51.46,2695413,AKAM
2017-10-24,51.5,52.09,50.96,51.91,4786329,AKAM
2017-10-25,55.65,56.85,53.84,54.0,10270117,AKAM
2017-10-26,54.02,54.65,52.88,53.34,3689642,AKAM
2017-10-27,53.96,54.01,52.29,53.0,2811536,AKAM
2017-10-30,53.11,53.13,52.15,52.46,2073626,AKAM
2017-10-31,52.4,52.6,52.2,52.25,1752756,AKAM
2017-11-01,52.7,53.07,52.34,52.69,1610417,AKAM
2017-11-02,52.55,52.61,51.79,52.29,1552882,AKAM
2017-11-03,52.26,53.1,52.0169,53.01,1608695,AKAM
2017-11-06,53.12,53.76,52.92,53.74,1304839,AKAM
2017-11-07,54.0,54.02,53.5,53.76,1655749,AKAM
2017-11-08,53.85,53.93,53.23,53.76,1437890,AKAM
2017-11-09,53.66,53.87,53.01,53.85,1790227,AKAM
2017-11-10,53.8,54.32,53.6974,54.26,1976354,AKAM
2017-11-13,54.11,54.23,53.46,53.52,3014742,AKAM
2017-11-14,53.43,53.87,53.08,53.75,1682775,AKAM
2017-11-15,53.5,54.14,53.34,54.01,2435602,AKAM
2017-11-16,54.21,55.295,53.9153,55.26,2761466,AKAM
2017-11-17,55.37,55.56,55.18,55.44,3895119,AKAM
2017-11-20,55.6,55.6,55.0,55.38,1921875,AKAM
2017-11-21,55.61,55.7,55.35,55.68,1135170,AKAM
2017-11-22,55.73,56.0,55.515,55.69,1701987,AKAM
2017-11-24,56.0,56.0,55.59,55.79,435112,AKAM
2017-11-27,55.25,55.72,54.39,55.35,4296969,AKAM
2017-11-28,56.16,56.16,54.91,55.36,2516402,AKAM
2017-11-29,55.7,56.04,55.06,55.34,1824465,AKAM
2017-11-30,55.03,56.2,55.03,55.78,2262285,AKAM
2017-12-01,55.43,55.88,54.74,55.79,2329258,AKAM
2017-12-04,55.93,56.95,55.65,56.44,2517501,AKAM
2017-12-05,56.78,56.86,56.15,56.44,1914781,AKAM
2017-12-06,55.885,56.55,55.51,55.77,1727397,AKAM
2017-12-07,55.65,56.51,55.51,56.44,1555390,AKAM
2017-12-08,56.75,57.12,56.37,56.5,1804460,AKAM
2017-12-11,56.59,57.01,56.31,56.55,2094682,AKAM
2017-12-12,56.73,57.12,56.5,57.02,1605314,AKAM
2017-12-13,56.98,57.18,56.56,56.66,2633169,AKAM
2017-12-14,56.79,57.221,56.73,56.76,1750115,AKAM
2017-12-15,56.9,57.99,56.72,57.76,10679482,AKAM
2017-12-18,66.33,68.03,64.83,65.67,15351273,AKAM
2017-12-19,65.87,67.71,65.1,66.82,5788127,AKAM
2017-12-20,67.45,67.57,66.52,66.63,3078607,AKAM
2017-12-21,66.43,66.77,65.66,65.84,2273506,AKAM
2017-12-22,65.76,66.32,65.245,65.45,1666392,AKAM
2017-12-26,65.58,65.87,65.04,65.42,2979817,AKAM
2017-12-27,65.4,65.5,64.86,65.19,1280896,AKAM
2017-12-28,65.29,65.55,64.92,65.43,1345186,AKAM
2017-12-29,65.5,65.65,65.01,65.04,882138,AKAM
2018-01-02,65.13,65.94,64.7,65.56,1426411,AKAM
2018-01-03,65.27,66.0,65.1,65.94,2287733,AKAM
2018-01-04,66.16,66.25,65.44,65.6,1870571,AKAM
2018-01-05,65.7,65.86,65.4601,65.83,1055977,AKAM
2018-01-08,65.95,66.09,65.21,65.88,1185988,AKAM
2018-01-09,65.75,69.56,65.27,67.49,4529854,AKAM
2018-01-10,67.56,67.97,66.2495,66.33,2098469,AKAM
2018-01-11,65.33,65.91,64.36,65.21,2858864,AKAM
2018-01-12,65.32,65.66,65.07,65.52,1083361,AKAM
2018-01-16,65.53,65.555,64.18,64.5,3788277,AKAM
2018-01-17,64.94,65.4,64.53,65.4,1144932,AKAM
2018-01-18,65.04,65.43,64.91,65.08,971649,AKAM
2018-01-19,65.3,65.87,65.07,65.63,1370301,AKAM
2018-01-22,65.41,65.65,65.03,65.65,1330311,AKAM
2018-01-23,65.65,66.4,65.65,66.0,1004782,AKAM
2018-01-24,66.28,66.46,65.85,66.02,1197759,AKAM
2018-01-25,66.41,67.15,65.9455,66.87,1306046,AKAM
2018-01-26,67.1,67.87,66.97,67.62,1507761,AKAM
2018-01-29,67.39,67.7284,66.981,67.25,1318783,AKAM
2018-01-30,66.56,67.2,65.98,66.56,1878580,AKAM
2018-01-31,67.0,68.3,66.59,66.99,1965934,AKAM
2018-02-01,66.42,67.9,65.75,67.56,1440142,AKAM
2018-02-02,67.28,67.3,65.37,65.72,1650847,AKAM
2018-02-05,65.34,66.0,62.69,62.81,2148223,AKAM
2018-02-06,61.7,64.04,61.41,63.67,3249136,AKAM
2018-02-07,67.75,68.65,64.31,64.48,9634937,AKAM
